{
  "model": "cnr_sensenet",
  "device": "cpu",
  "seed": 42,
  "dataset": {
    "pkl_path": "D:\\Dissertation\\Code\\CNR-SenseNet\\project\\data\\RML2016.10a_dict.pkl",
    "cache_path": "D:\\Dissertation\\Code\\CNR-SenseNet\\project\\data\\processed\\signal_noise_fbe832794a03.npz",
    "train_size": 316800,
    "val_size": 35200,
    "test_size": 88000,
    "input_dim": 256,
    "num_classes": 2,
    "noise_power": 1.0,
    "snrs": [
      -20,
      -18,
      -16,
      -14,
      -12,
      -10,
      -8,
      -6,
      -4,
      -2,
      0,
      2,
      4,
      6,
      8,
      10,
      12,
      14,
      16,
      18
    ],
    "mods": [
      "8PSK",
      "AM-DSB",
      "AM-SSB",
      "BPSK",
      "CPFSK",
      "GFSK",
      "PAM4",
      "QAM16",
      "QAM64",
      "QPSK",
      "WBFM"
    ]
  },
  "train_config": {
    "epochs": 5,
    "batch_size": 2048,
    "lr": 0.001,
    "weight_decay": 0.0,
    "dropout": 0.2,
    "energy_window": 8,
    "decision_threshold": 0.5
  },
  "timing_seconds": {
    "train": 381.490256399964,
    "evaluate": 7.750580899999477
  },
  "training_history": {
    "train_loss": [
      0.38460423750106737,
      0.3208115660060536,
      0.3136048908787544,
      0.309186470809609,
      0.3055421727233463
    ],
    "val_loss": [
      0.32162728721445255,
      0.3080792839960618,
      0.3054035439274528,
      0.3011332419785586,
      0.3036777696826241
    ]
  },
  "overall_metrics": {
    "threshold": 0.5,
    "count": 88000,
    "signal_count": 44000,
    "noise_count": 44000,
    "accuracy": 0.8596704545454545,
    "balanced_accuracy": 0.8596704545454545,
    "precision": 0.8902039105456518,
    "recall": 0.8205454545454546,
    "f1": 0.8539565027141455,
    "specificity": 0.8987954545454545,
    "pd": 0.8205454545454546,
    "pfa": 0.10120454545454545,
    "miss_rate": 0.17945454545454542,
    "roc_auc": 0.9317250302169422,
    "average_precision": 0.9477757566819889,
    "tn": 39547,
    "fp": 4453,
    "fn": 7896,
    "tp": 36104
  },
  "metrics_by_snr": [
    {
      "threshold": 0.5,
      "count": 4400,
      "signal_count": 2200,
      "noise_count": 2200,
      "accuracy": 0.5927272727272728,
      "balanced_accuracy": 0.5927272727272728,
      "precision": 0.7394366197183099,
      "recall": 0.2863636363636364,
      "f1": 0.41284403669724773,
      "specificity": 0.899090909090909,
      "pd": 0.2863636363636364,
      "pfa": 0.1009090909090909,
      "miss_rate": 0.7136363636363636,
      "roc_auc": 0.704784917355372,
      "average_precision": 0.7044232177190857,
      "tn": 1978,
      "fp": 222,
      "fn": 1570,
      "tp": 630,
      "snr": -20
    },
    {
      "threshold": 0.5,
      "count": 4400,
      "signal_count": 2200,
      "noise_count": 2200,
      "accuracy": 0.5906818181818182,
      "balanced_accuracy": 0.5906818181818182,
      "precision": 0.7389221556886227,
      "recall": 0.28045454545454546,
      "f1": 0.4065897858319605,
      "specificity": 0.9009090909090909,
      "pd": 0.28045454545454546,
      "pfa": 0.09909090909090909,
      "miss_rate": 0.7195454545454545,
      "roc_auc": 0.7026396694214877,
      "average_precision": 0.6948070331440862,
      "tn": 1982,
      "fp": 218,
      "fn": 1583,
      "tp": 617,
      "snr": -18
    },
    {
      "threshold": 0.5,
      "count": 4400,
      "signal_count": 2200,
      "noise_count": 2200,
      "accuracy": 0.6129545454545454,
      "balanced_accuracy": 0.6129545454545454,
      "precision": 0.7721796276013143,
      "recall": 0.32045454545454544,
      "f1": 0.45293928686154833,
      "specificity": 0.9054545454545454,
      "pd": 0.32045454545454544,
      "pfa": 0.09454545454545454,
      "miss_rate": 0.6795454545454546,
      "roc_auc": 0.7502229338842975,
      "average_precision": 0.7417695011659637,
      "tn": 1992,
      "fp": 208,
      "fn": 1495,
      "tp": 705,
      "snr": -16
    },
    {
      "threshold": 0.5,
      "count": 4400,
      "signal_count": 2200,
      "noise_count": 2200,
      "accuracy": 0.6538636363636363,
      "balanced_accuracy": 0.6538636363636363,
      "precision": 0.8041329739442947,
      "recall": 0.4068181818181818,
      "f1": 0.540295804406882,
      "specificity": 0.9009090909090909,
      "pd": 0.4068181818181818,
      "pfa": 0.09909090909090909,
      "miss_rate": 0.5931818181818183,
      "roc_auc": 0.7831276859504133,
      "average_precision": 0.7846609472291532,
      "tn": 1982,
      "fp": 218,
      "fn": 1305,
      "tp": 895,
      "snr": -14
    },
    {
      "threshold": 0.5,
      "count": 4400,
      "signal_count": 2200,
      "noise_count": 2200,
      "accuracy": 0.7109090909090909,
      "balanced_accuracy": 0.7109090909090909,
      "precision": 0.8411764705882353,
      "recall": 0.52,
      "f1": 0.6426966292134831,
      "specificity": 0.9018181818181819,
      "pd": 0.52,
      "pfa": 0.09818181818181818,
      "miss_rate": 0.48,
      "roc_auc": 0.8405574380165289,
      "average_precision": 0.843907370585498,
      "tn": 1984,
      "fp": 216,
      "fn": 1056,
      "tp": 1144,
      "snr": -12
    },
    {
      "threshold": 0.5,
      "count": 4400,
      "signal_count": 2200,
      "noise_count": 2200,
      "accuracy": 0.8084090909090909,
      "balanced_accuracy": 0.8084090909090909,
      "precision": 0.8844192634560907,
      "recall": 0.7095454545454546,
      "f1": 0.7873896595208071,
      "specificity": 0.9072727272727272,
      "pd": 0.7095454545454546,
      "pfa": 0.09272727272727273,
      "miss_rate": 0.2904545454545454,
      "roc_auc": 0.9141981404958678,
      "average_precision": 0.9164591816286319,
      "tn": 1996,
      "fp": 204,
      "fn": 639,
      "tp": 1561,
      "snr": -10
    },
    {
      "threshold": 0.5,
      "count": 4400,
      "signal_count": 2200,
      "noise_count": 2200,
      "accuracy": 0.8995454545454545,
      "balanced_accuracy": 0.8995454545454545,
      "precision": 0.8973779385171791,
      "recall": 0.9022727272727272,
      "f1": 0.899818676337262,
      "specificity": 0.8968181818181818,
      "pd": 0.9022727272727272,
      "pfa": 0.10318181818181818,
      "miss_rate": 0.09772727272727277,
      "roc_auc": 0.9695862603305785,
      "average_precision": 0.970663839610375,
      "tn": 1973,
      "fp": 227,
      "fn": 215,
      "tp": 1985,
      "snr": -8
    },
    {
      "threshold": 0.5,
      "count": 4400,
      "signal_count": 2200,
      "noise_count": 2200,
      "accuracy": 0.9397727272727273,
      "balanced_accuracy": 0.9397727272727272,
      "precision": 0.9032930387661525,
      "recall": 0.985,
      "f1": 0.9423787779952163,
      "specificity": 0.8945454545454545,
      "pd": 0.985,
      "pfa": 0.10545454545454545,
      "miss_rate": 0.015000000000000013,
      "roc_auc": 0.9939272727272728,
      "average_precision": 0.994248846221478,
      "tn": 1968,
      "fp": 232,
      "fn": 33,
      "tp": 2167,
      "snr": -6
    },
    {
      "threshold": 0.5,
      "count": 4400,
      "signal_count": 2200,
      "noise_count": 2200,
      "accuracy": 0.9475,
      "balanced_accuracy": 0.9475,
      "precision": 0.9049773755656109,
      "recall": 1.0,
      "f1": 0.9501187648456056,
      "specificity": 0.895,
      "pd": 1.0,
      "pfa": 0.105,
      "miss_rate": 0.0,
      "roc_auc": 0.9995355371900826,
      "average_precision": 0.9995431373050236,
      "tn": 1969,
      "fp": 231,
      "fn": 0,
      "tp": 2200,
      "snr": -4
    },
    {
      "threshold": 0.5,
      "count": 4400,
      "signal_count": 2200,
      "noise_count": 2200,
      "accuracy": 0.9431818181818182,
      "balanced_accuracy": 0.9431818181818181,
      "precision": 0.8979591836734694,
      "recall": 1.0,
      "f1": 0.946236559139785,
      "specificity": 0.8863636363636364,
      "pd": 1.0,
      "pfa": 0.11363636363636363,
      "miss_rate": 0.0,
      "roc_auc": 0.9999834710743802,
      "average_precision": 0.9999833816752692,
      "tn": 1950,